id,marque,nom,coloris,categorie,image,url_officielle_source,prix_sourcing_eur,prix_vente_eur,marge_eur,marge_pct,statut,notes_mohamed
gd24h-noir,Gerard Darel,Sac 24H,Noir,sacs,gd24h_noir.webp,,,,,,À sourcer,
gd24h-bordeaux,Gerard Darel,Sac 24H,Bordeaux,sacs,gd24h_bordeaux.webp,,,,,,À sourcer,
gd24h-kaki,Gerard Darel,Sac 24H,Kaki,sacs,gd24h_kaki.webp,,,,,,À sourcer,
gd24h-marine,Gerard Darel,Sac 24H,Bleu Marine,sacs,gd24h_marine.webp,,,,,,À sourcer,
gd24h-anthracite,Gerard Darel,Sac 24H,Anthracite,sacs,gd24h_anthracite.webp,,,,,,À sourcer,
gd24h-bronze,Gerard Darel,Sac 24H,Bronze,sacs,gd24h_bronze.webp,,,,,,À sourcer,
lunettes-miumiu,Miu Miu,Lunettes MU 09WS,Noir,lunettes,lunettes_miumiu_noir.jpg,,,,,,À sourcer,
nike-mind-1,Nike,Mind 001,Coloris 1,chaussures,32778953_65548955_1000.webp,,,,,,À sourcer,
nike-mind-2,Nike,Mind 001,Coloris 2,chaussures,33494273_64429580_1000.webp,,,,,,À sourcer,
nike-mind-3,Nike,Mind 001,Coloris 3,chaussures,32778986_65549175_1000.webp,,,,,,À sourcer,
nike-mind-4,Nike,Mind 001,Coloris 4,chaussures,32778950_65549011_1000.webp,,,,,,À sourcer,
nike-mind-5,Nike,Mind 001,Coloris 5,chaussures,34939617_66705441_1000.webp,,,,,,À sourcer,
nike-mind-6,Nike,Mind 001,Coloris 6,chaussures,34940952_66705593_1000.webp,,,,,,À sourcer,
gg-1,Golden Goose,Basket Super Star,Coloris 1,chaussures,15535907_30226687_1000.webp,,,,,,À sourcer,
gg-2,Golden Goose,Basket Super Star,Coloris 2,chaussures,17637815_36808123_1000.webp,,,,,,À sourcer,
gg-3,Golden Goose,Basket Super Star,Coloris 3,chaussures,19193108_42286271_1000.webp,,,,,,À sourcer,
gg-4,Golden Goose,Basket Super Star,Coloris 4,chaussures,19838471_45059399_1000.webp,,,,,,À sourcer,
gg-5,Golden Goose,Basket Super Star,Coloris 5,chaussures,23843372_53834709_1000.webp,,,,,,À sourcer,
gg-6,Golden Goose,Basket Super Star,Coloris 6,chaussures,28978172_58104734_1000.webp,,,,,,À sourcer,
gg-7,Golden Goose,Basket Super Star,Coloris 7,chaussures,32283621_64261689_1000.webp,,,,,,À sourcer,
gg-8,Golden Goose,Basket Super Star,Coloris 8,chaussures,33132632_63621560_1000.webp,,,,,,À sourcer,
burberry-ekd-1,Burberry,Pull en Laine et Cachemire EKD,Coloris 1,vetements,26873291_56511210_1000.webp,,,,,,À sourcer,
burberry-ekd-2,Burberry,Pull en Laine et Cachemire EKD,Coloris 2,vetements,26873157_56508578_1000.webp,,,,,,À sourcer,
burberry-ekd-3,Burberry,Pull en Laine et Cachemire EKD,Coloris 3,vetements,32555937_62919420_1000.webp,,,,,,À sourcer,
burberry-ekd-4,Burberry,Pull en Laine et Cachemire EKD,Coloris 4,vetements,30005282_59159159_1000.webp,,,,,,À sourcer,
miumiu-pc-rouge,Miu Miu,Porte-Carte en Cuir Matelassé,,accessoires,31175391_60405093_1000.webp,,,,,,À sourcer,
miumiu-pc-bleu,Miu Miu,Porte-Carte en Cuir Matelassé,,accessoires,32398376_64081289_1000.webp,,,,,,À sourcer,
miumiu-pc-vert,Miu Miu,Porte-Carte en Cuir Matelassé,,accessoires,34272156_65661295_1000.webp,,,,,,À sourcer,
on-allday-noir,On,Pull All-Day Col Zippé,Noir,vetements,on.webp,,,,,,À sourcer,
burberry-echarpe-1,Burberry,Echarpe,Coloris 1,accessoires,29940103_59054518_1000.webp,,,,,,À sourcer,
burberry-echarpe-2,Burberry,Echarpe,Coloris 2,accessoires,29940306_59051432_1000.webp,,,,,,À sourcer,
burberry-echarpe-3,Burberry,Echarpe,Coloris 3,accessoires,29941208_59052646_1000.webp,,,,,,À sourcer,
burberry-echarpe-4,Burberry,Echarpe,Coloris 4,accessoires,30087132_59200069_1000.webp,,,,,,À sourcer,
burberry-echarpe-5,Burberry,Echarpe,Coloris 5,accessoires,23910651_53942264_1000.webp,,,,,,À sourcer,
burberry-echarpe-6,Burberry,Echarpe,Coloris 6,accessoires,23900796_53942411_1000.webp,,,,,,À sourcer,
burberry-echarpe-7,Burberry,Echarpe,Coloris 7,accessoires,22898645_52952792_1000.webp,,,,,,À sourcer,
lv-keepall-1,Louis Vuitton,Keepall,Noir,accessoires,35215043_66590949_1000.webp,,,,,,À sourcer,
moncler-cardigan-1,Moncler,Cardigan,Coloris 1,vetements,33185446_63931703_1000.webp,,,,,,À sourcer,
moncler-cardigan-2,Moncler,Cardigan,Coloris 2,vetements,33185483_63933814_1000.webp,,,,,,À sourcer,
cg-cardigan-1,Canada Goose,Cardigan,Noir,vetements,15509020_29405319_1000.webp,,,,,,À sourcer,
rl-zip-1,Ralph Lauren,Zip,Noir,vetements,18934739_41251796_1000_1.webp,,,,,,À sourcer,
courreges-veste-1,Courrèges,Veste,Noir,vetements,19531123_43673115_1000.webp,,,,,,À sourcer,
rl-zip-2,Ralph Lauren,Zip,Bleu Marine,vetements,2323526374867986.webp,,,,,,À sourcer,
cg-doudoune-sm-1,Canada Goose,Doudoune Sans Manche,Noir,vetements,31809834_61419991_1000.webp,,,,,,À sourcer,
casa-tshirt-1,Casablanca,Tee-shirt,Blanc,vetements,24927072_66100445_1000.webp,,,,,,À sourcer,
casa-tshirt-2,Casablanca,Tee-shirt,Noir,vetements,32823422_63075335_1000.webp,,,,,,À sourcer,
casa-tshirt-3,Casablanca,Tee-shirt,Blanc,vetements,32823423_63081201_1000.webp,,,,,,À sourcer,
casa-tshirt-4,Casablanca,Tee-shirt,Blanc,vetements,32824650_63078592_1000.webp,,,,,,À sourcer,
casa-tshirt-5,Casablanca,Tee-shirt,Noir,vetements,33759206_64574063_1000.webp,,,,,,À sourcer,
casa-tshirt-6,Casablanca,Tee-shirt,Blanc,vetements,33759224_64574210_1000.webp,,,,,,À sourcer,
casa-tshirt-7,Casablanca,Tee-shirt,Blanc,vetements,34574249_65690378_1000.webp,,,,,,À sourcer,
casa-tshirt-8,Casablanca,Tee-shirt,Blanc,vetements,33759186_64574061_1000.webp,,,,,,À sourcer,
casa-tshirt-9,Casablanca,Tee-shirt,Blanc,vetements,33013061_63435599_1000.webp,,,,,,À sourcer,
casa-tshirt-10,Casablanca,Tee-shirt,Blanc,vetements,31298168_60616872_1000.webp,,,,,,À sourcer,
casa-tshirt-11,Casablanca,Tee-shirt,Noir,vetements,34137099_65106520_1000.webp,,,,,,À sourcer,
casa-tshirt-12,Casablanca,Tee-shirt,Blanc,vetements,32587154_62890011_1000.webp,,,,,,À sourcer,
burberry-polo-blanc,Burberry,Polo Check Collar,Blanc,vetements,A5AB7E38-DA93-4E00-8387-A3B53B3FF418.jpg,,,,,,À sourcer,
burberry-polo-marine,Burberry,Polo Check Collar,Bleu Marine,vetements,523FD889-A37E-42F1-A379-9277B1F363E9.jpg,,,,,,À sourcer,
burberry-polo-camel,Burberry,Polo Check Collar,Camel,vetements,DFAC7AF2-4A79-4F12-B2E7-89B9DCA47B7A.jpg,,,,,,À sourcer,
burberry-polo-noir,Burberry,Polo Check Collar,Noir,vetements,1A252075-DF86-47B6-822E-249B65B5128A.jpg,,,,,,À sourcer,
mihara-hank-noir,Maison Mihara,Hank,Noir,chaussures,19431121_43224744_1000.webp,,,,,,À sourcer,
mihara-hank-vert_menthe,Maison Mihara,Hank,Vert Menthe,chaussures,20568718_50731491_1000.webp,,,,,,À sourcer,
mihara-hank-rouge,Maison Mihara,Hank,Rouge,chaussures,26473640_56430738_1000.webp,,,,,,À sourcer,
mihara-hank-bleu,Maison Mihara,Hank,Bleu,chaussures,26473752_56429623_1000.webp,,,,,,À sourcer,
mihara-hank-blanc,Maison Mihara,Hank,Blanc,chaussures,15744631_28800856_1000.webp,,,,,,À sourcer,
mihara-hank-noir2,Maison Mihara,Hank,Noir Total,chaussures,20568728_51798285_1000.webp,,,,,,À sourcer,
mihara-hank-jaune,Maison Mihara,Hank,Jaune,chaussures,32026805_61891212_1000.webp,,,,,,À sourcer,
mihara-hank-rose,Maison Mihara,Hank,Rose,chaussures,20567855_51797753_1000.webp,,,,,,À sourcer,
on-cloudtilt-grisnoir,On,Cloudtilt,Gris/Noir,chaussures,24184032_58380918_1000.webp,,,,,,À sourcer,
on-cloudtilt-noir,On,Cloudtilt,Noir Total,chaussures,27966252_57678736_1000.webp,,,,,,À sourcer,
on-cloudtilt-grisclair,On,Cloudtilt,Gris Clair,chaussures,27966264_58380886_1000.webp,,,,,,À sourcer,
on-cloudtilt-loewe-blanc,On,Cloudtilt x Loewe,Blanc,chaussures,29502014_58542559_1000.webp,,,,,,À sourcer,
on-cloudtilt-loewe-kaki,On,Cloudtilt x Loewe,Kaki,chaussures,29885608_59102638_1000.webp,,,,,,À sourcer,
on-cloudtilt-loewe-noir,On,Cloudtilt x Loewe,Noir,chaussures,30134795_59359613_1000.webp,,,,,,À sourcer,
on-cloudtilt-blanc,On,Cloudtilt,Blanc,chaussures,30927570_60420317_1000.webp,,,,,,À sourcer,
on-cloudtilt-loewe-blanccasse,On,Cloudtilt x Loewe,Blanc Cassé,chaussures,31607371_61553516_1000.webp,,,,,,À sourcer,
on-cloudtilt-bleumarine,On,Cloudtilt,Bleu Marine,chaussures,34034013_65382778_1000.webp,,,,,,À sourcer,
dior-b22-noir,Dior,B22,Noir,chaussures,dior_b22_noir.webp,,,,,,À sourcer,
alo-tech-noir,Alo Yoga,Casquette Technique Off-Duty,Noir,accessoires,A0467U_01_b1_a2_750x.webp,,,,,,À sourcer,
alo-tech-gravel,Alo Yoga,Casquette Technique Off-Duty,Gravel,accessoires,A0467U_01347_b1_s1_a2_89bc0548-2e2a-4107-a8be-0e80bd8f130e_750x.webp,,,,,,À sourcer,
alo-tech-creme,Alo Yoga,Casquette Technique Off-Duty,Crème,accessoires,A0467U_03040_b1_a2_750x.webp,,,,,,À sourcer,
alo-tech-marine,Alo Yoga,Casquette Technique Off-Duty,Marine,accessoires,A0467U_03842_b1_a1_750x.webp,,,,,,À sourcer,
alo-tech-olive,Alo Yoga,Casquette Technique Off-Duty,Olive,accessoires,A0467U_04064_b1_s1_a2_750x.webp,,,,,,À sourcer,
alo-tech-rose,Alo Yoga,Casquette Technique Off-Duty,Rose,accessoires,A0467U_06661_b1_s1_a2_750x.webp,,,,,,À sourcer,
alo-offduty-blanc,Alo Yoga,Casquette Off-Duty,Blanc,accessoires,A0543U_0000_b1_s1_a1_750x.webp,,,,,,À sourcer,
alo-offduty-noir,Alo Yoga,Casquette Off-Duty,Noir,accessoires,A0543U_0101_b1_s1_a1_750x.webp,,,,,,À sourcer,
alo-offduty-marine,Alo Yoga,Casquette Off-Duty,Marine,accessoires,A0543U_03842_b1_s1_a1_750x.webp,,,,,,À sourcer,
alo-offduty-gravel,Alo Yoga,Casquette Off-Duty,Gravel,accessoires,A0543U_05438_b1_s1_a3_dSP26_750x.webp,,,,,,À sourcer,
alo-offduty-marron,Alo Yoga,Casquette Off-Duty,Marron,accessoires,A0543U_05467_b1_s1_a3_1bbcded9-49ca-4032-b488-4e0e3a25726b_750x.webp,,,,,,À sourcer,
alo-offduty-rose-poudre,Alo Yoga,Casquette Off-Duty,Rose Poudré,accessoires,A0648U_05818_b1_s1_a3_dSP26_750x.webp,,,,,,À sourcer,
alo-offduty-rose,Alo Yoga,Casquette Off-Duty,Rose,accessoires,A0648U_06661_b1_s1_a2_750x.webp,,,,,,À sourcer,
alo-district-noir,Alo Yoga,Casquette District Trucker,Noir,accessoires,W7112R_0101_b1_a1_750x.webp,,,,,,À sourcer,
alo-district-blanc,Alo Yoga,Casquette District Trucker,Blanc,accessoires,W7112R_04448_b1_a1_750x.webp,,,,,,À sourcer,
chanel-runner-blanc,Chanel,Runner,Blanc/Noir,chaussures,9543237730334.webp,,,,,,À sourcer,
chanel-runner-noir,Chanel,Runner,Noir,chaussures,9543237402654.webp,,,,,,À sourcer,
chanel-runner-dore,Chanel,Runner,Doré,chaussures,baskets-chanel-en-toile-argente-52413869-1_3.webp,,,,,,À sourcer,
chanel-runner-argente,Chanel,Runner,Argenté,chaussures,-9570717302814.jpg,,,,,,À sourcer,
lv-trainer-orange,Louis Vuitton,LV Trainer,Orange,chaussures,Captured_ecran2025-11-29a05.47.20.png,,,,,,À sourcer,
lv-trainer-rose,Louis Vuitton,LV Trainer,Rose,chaussures,Captured_ecran2025-11-29a05.41.50.png,,,,,,À sourcer,
lv-trainer-monogram,Louis Vuitton,LV Trainer,Monogram,chaussures,Captured_ecran2025-11-29a05.47.53.png,,,,,,À sourcer,
lv-trainer-gris-denim,Louis Vuitton,LV Trainer,Gris Denim,chaussures,Capture_d_ecran_2025-11-29_a_05.45.31.png,,,,,,À sourcer,
lv-trainer-coloris5,Louis Vuitton,LV Trainer,Coloris 5,chaussures,louis-vuitton-sneaker-lv-trainer--BO9U5PMI02_PM2_Frontview.avif,,,,,,À sourcer,
lv-trainer-coloris6,Louis Vuitton,LV Trainer,Coloris 6,chaussures,louis-vuitton-sneaker-lv-trainer--BM9U5PMI02_PM2_Frontview.avif,,,,,,À sourcer,
lv-trainer-coloris7,Louis Vuitton,LV Trainer,Coloris 7,chaussures,louis-vuitton-sneaker-lv-trainer--BM9U5PMI20_PM2_Frontview.avif,,,,,,À sourcer,
lv-trainer-coloris8,Louis Vuitton,LV Trainer,Coloris 8,chaussures,louis-vuitton-sneaker-lv-trainer--AQ9U1APC01_PM2_Frontview.avif,,,,,,À sourcer,
gucci-gg-bleu,Gucci,Casquette GG,Bleu Marine,accessoires,gucci-gg-bleu-3.jpg,,,,,,À sourcer,
gucci-gg-bordeaux,Gucci,Casquette GG,Bordeaux,accessoires,gucci-gg-bordeaux-patch-1.jpg,,,,,,À sourcer,
gucci-gg-kaki,Gucci,Casquette GG,Kaki,accessoires,gucci-gg-kaki-1.jpg,,,,,,À sourcer,
gucci-gg-noir,Gucci,Casquette GG,Noir,accessoires,gucci-gg-noir-1.jpg,,,,,,À sourcer,
gucci-gg-blanc,Gucci,Casquette GG,Blanc Cassé,accessoires,gucci-gg-blanc-1.jpg,,,,,,À sourcer,
gucci-gg-rose,Gucci,Casquette GG,Rose,accessoires,gucci-gg-rose-1.jpg,,,,,,À sourcer,
gucci-gg-lavande,Gucci,Casquette GG,Bleu Lavande,accessoires,gucci-gg-lavande-1.webp,,,,,,À sourcer,
gucci-gg-beige-web,Gucci,Casquette GG Web,Beige,accessoires,gucci-gg-beige-web-1.jpg,,,,,,À sourcer,
gucci-trucker-beige,Gucci,Casquette GG Supreme Trucker,Beige,accessoires,gucci-trucker-beige-1.jpg,,,,,,À sourcer,
gucci-trucker-noir,Gucci,Casquette GG Supreme Trucker,Noir,accessoires,gucci-trucker-noir-1.jpg,,,,,,À sourcer,
gucci-camo-trucker,Gucci,Casquette Camo Trucker,Noir,accessoires,gucci-camo-trucker-1.jpg,,,,,,À sourcer,
dior-cd-blanc,Dior,Casquette CD Icon,Blanc,accessoires,dior-cd-blanc-1.webp,,,,,,À sourcer,
dior-cd-beige,Dior,Casquette CD Icon,Beige,accessoires,dior-cd-beige-2.webp,,,,,,À sourcer,
dior-cd-bleu,Dior,Casquette CD Icon,Bleu Marine,accessoires,dior-cd-bleu-1.webp,,,,,,À sourcer,
dior-cd-noir,Dior,Casquette CD Icon,Noir,accessoires,dior-cd-noir-1.webp,,,,,,À sourcer,
dior-oblique-beige,Dior,Casquette Oblique,Beige,accessoires,dior-oblique-beige-1.webp,,,,,,À sourcer,
dior-oblique-bleu,Dior,Casquette Oblique,Bleu,accessoires,dior-oblique-bleu-1.webp,,,,,,À sourcer,
dior-oblique-gris,Dior,Casquette Oblique,Gris,accessoires,dior-oblique-gris-1.webp,,,,,,À sourcer,
